기관명,병합시스템명,시스템명,등급,DR유무,이중화유무,예산사업No,세부사업명,단위사업명,국회확정금액(천원),매칭방법,서비스대상,업무도메인,시스템유형,기관유형,금융관련,개인정보수준,서비스채널,서비스대상,업무도메인,시스템유형,기관유형,금융관련,개인정보수준,서비스채널
고용노동부,홈페이지,대표홈페이지,2,N,Y,1,고용노동행정(정보화),고용노동행정정보화,"23,739,000",기관매핑,대국민,정보공개·홍보,홈페이지/포털,본부,N,저,웹,대국민,정보공개·홍보,홈페이지/포털,본부,N,저,웹
고용노동부,근로감독행정 정보시스템(노사누리),근로감독행정 정보시스템(노사누리),2,N,Y,1,고용노동행정(정보화),고용노동행정정보화,"23,739,000",기관매핑,혼합,노사관계,업무처리시스템,본부,N,중,웹,혼합,노사관계,업무처리시스템,본부,N,중,웹
고용노동부,고용노동부내부업무시스템(다우리),다우리포털시스템,3,N,Y,1,고용노동행정(정보화),고용노동행정정보화,"23,739,000",기관매핑,대국민,정보공개·홍보,홈페이지/포털,본부,N,저,웹,대국민,정보공개·홍보,홈페이지/포털,본부,N,저,웹
고용노동부,고용노동부내부업무시스템(다우리),메일시스템,3,N,Y,1,고용노동행정(정보화),고용노동행정정보화,"23,739,000",기관매핑,내부,행정지원,업무처리시스템,본부,N,저,웹,내부,행정지원,업무처리시스템,본부,N,저,웹
고용노동부,과태료관리시스템,과태료관리시스템,3,N,Y,1,고용노동행정(정보화),고용노동행정정보화,"23,739,000",기관매핑,내부,행정지원,업무처리시스템,본부,N,저,웹,내부,행정지원,업무처리시스템,본부,N,저,웹
고용노동부,고용노동부내부업무시스템(다우리),배우리시스템,3,N,일부,1,고용노동행정(정보화),고용노동행정정보화,"23,739,000",기관매핑,내부,행정지원,업무처리시스템,본부,N,저,웹,내부,행정지원,업무처리시스템,본부,N,저,웹
고용노동부,고용노동부내부업무시스템(다우리),kmc(산하기관)시스템,3,N,N,1,고용노동행정(정보화),고용노동행정정보화,"23,739,000",기관매핑,내부,행정지원,업무처리시스템,본부,N,저,웹,내부,행정지원,업무처리시스템,본부,N,저,웹
고용노동부,개인정보접속이력관리시스템,개인정보접속이력관리시스템,4,N,N,1,고용노동행정(정보화),고용노동행정정보화,"23,739,000",기관매핑,내부,행정지원,내부인프라,본부,N,저,웹,내부,행정지원,내부인프라,본부,N,저,웹
고용노동부,고용노동통계조사 정보시스템,고용노동통계조사 정보시스템,4,N,N,1,고용노동행정(정보화),고용노동행정정보화,"23,739,000",기관매핑,내부,고용서비스,데이터/분석,본부,N,저,웹,내부,고용서비스,데이터/분석,본부,N,저,웹
중앙노동위원회,노사마루,노사마루(조정심판),4,N,Y,7,노동위원회정보화운영(정보화),노동위원회운영,"2,959,000",기관매핑,혼합,노사관계,업무처리시스템,위원회,N,중,웹,혼합,노사관계,업무처리시스템,위원회,N,중,웹
최저임금위원회,홈페이지,최저임금위원회홈페이지,4,N,N,,최저임금위원회운영,,,기관매핑,대국민,노사관계,홈페이지/포털,위원회,N,저,웹,대국민,노사관계,홈페이지/포털,위원회,N,저,웹
산심위,홈페이지,산업재해보상보험재심사위원회홈페이지,4,N,N,,산업재해보상보험재심사위원회운영,,,기관매핑,대국민,정보공개·홍보,홈페이지/포털,위원회,Y,저,웹,대국민,정보공개·홍보,홈페이지/포털,위원회,Y,저,웹
고용노동부,공공부문 비정규직 고용개선  시스템,공공부문 비정규직 고용개선  시스템,4,N,Y,1,고용노동행정(정보화),고용노동행정정보화,"23,739,000",기관매핑,내부,고용서비스,업무처리시스템,본부,N,저,웹,내부,고용서비스,업무처리시스템,본부,N,저,웹
고용노동부,고용노동부내부업무시스템(다우리),메신저,4,N,Y,1,고용노동행정(정보화),고용노동행정정보화,"23,739,000",기관매핑,내부,행정지원,업무처리시스템,본부,N,저,웹,내부,행정지원,업무처리시스템,본부,N,저,웹
고용노동부,고용노동부내부업무시스템(다우리),도서관리,4,N,Y,1,고용노동행정(정보화),고용노동행정정보화,"23,739,000",기관매핑,내부,행정지원,업무처리시스템,본부,N,저,웹,내부,행정지원,업무처리시스템,본부,N,저,웹
고용노동부,퇴직연금취급실적관리시스템,퇴직연금취급실적관리시스템,4,N,N,1,고용노동행정(정보화),고용노동행정정보화,"23,739,000",기관매핑,내부,근로복지,업무처리시스템,본부,Y,저,웹,내부,근로복지,업무처리시스템,본부,Y,저,웹
고용노동부,데이터품질관리,데이터품질관리,4,N,N,1,고용노동행정(정보화),고용노동행정정보화,"23,739,000",기관매핑,내부,행정지원,내부인프라,본부,N,저,웹,내부,행정지원,내부인프라,본부,N,저,웹
고용노동부,홈페이지,일생활균형 홈페이지,3,N,N,1,고용노동행정(정보화),고용노동행정정보화,"23,739,000",기관매핑,대국민,근로복지,홈페이지/포털,본부,N,저,웹,대국민,근로복지,홈페이지/포털,본부,N,저,웹
고용노동부,홈페이지,지역고용정보네트워크,4,N,N,1,고용노동행정(정보화),고용노동행정정보화,"23,739,000",기관매핑,대국민,고용서비스,데이터/분석,본부,N,저,웹,대국민,고용서비스,데이터/분석,본부,N,저,웹
고용노동부,침해사고종합관리시스템,침해사고종합관리시스템,4,N,N,1,고용노동행정(정보화),고용노동행정정보화,"23,739,000",기관매핑,내부,행정지원,내부인프라,본부,N,저,웹,내부,행정지원,내부인프라,본부,N,저,웹
고용노동부고객상담센터,홈페이지,1350홈페이지,4,N,N,21,고객상담센터운영,고객상담센터운영,"26,607,000",기관매핑,대국민,고용서비스,상담/콜센터,본부,N,중,콜,대국민,고용서비스,상담/콜센터,본부,N,중,콜
고용노동부고객상담센터,고객상담센터내부업무시스템,전화상담시스템,4,N,Y,21,고객상담센터운영,고객상담센터운영,"26,607,000",기관매핑,대국민,고용서비스,상담/콜센터,본부,N,중,콜,대국민,고용서비스,상담/콜센터,본부,N,중,콜
한국잡월드,홈페이지,인턴IN메타,4,N,N,,한국잡월드 운영,,,기관매핑,대국민,고용서비스,업무처리시스템,기타공공,N,저,웹,대국민,고용서비스,업무처리시스템,기타공공,N,저,웹
한국잡월드,한국잡월드 내부업무시스템,한국잡월드 행정통합시스템,4,N,N,,한국잡월드 운영,,,기관매핑,내부,행정지원,업무처리시스템,기타공공,N,저,웹,내부,행정지원,업무처리시스템,기타공공,N,저,웹
한국잡월드,홈페이지,홈페이지 및 전시운영 시스템,3,N,Y,,한국잡월드 운영,,,기관매핑,대국민,고용서비스,홈페이지/포털,기타공공,N,저,웹,대국민,고용서비스,홈페이지/포털,기타공공,N,저,웹
한국사회적기업진흥원,홈페이지,대표홈페이지,3,N,Y,143,사회적기업 지원,사회적기업육성,"85,872,000",기관매핑,대국민,정보공개·홍보,홈페이지/포털,재단/진흥원,N,저,웹,대국민,정보공개·홍보,홈페이지/포털,재단/진흥원,N,저,웹
한국사회적기업진흥원,사회적기업진흥원 내부업무시스템,업무지원시스템,4,N,Y,143,사회적기업 지원,사회적기업육성,"85,872,000",기관매핑,내부,고용서비스,업무처리시스템,재단/진흥원,N,저,웹,내부,고용서비스,업무처리시스템,재단/진흥원,N,저,웹
한국사회적기업진흥원,사회적기업진흥원 내부업무시스템,통합사업관리시스템,4,N,Y,143,사회적기업 지원,사회적기업육성,"85,872,000",기관매핑,혼합,행정지원,업무처리시스템,재단/진흥원,N,중,웹,혼합,행정지원,업무처리시스템,재단/진흥원,N,중,웹
한국고용노동교육원,한국고용노동교육원 내부업무시스템,한국고용노동교육원 통합업무시스템,4,N,Y,,한국고용노동교육원운영지원(정보화),,,기관매핑,혼합,노사관계,업무처리시스템,교육기관,N,저,웹,혼합,노사관계,업무처리시스템,교육기관,N,저,웹
한국고용노동교육원,한국고용노동교육원 내부업무시스템,홈페이지 및 교육운영시스템,3,N,Y,,한국고용노동교육원운영지원(정보화),,,기관매핑,대국민,노사관계,교육/학습(LMS),교육기관,N,저,웹,대국민,노사관계,교육/학습(LMS),교육기관,N,저,웹
한국기술교육대학교,한기대학사행정시스템,K-LXP 학생 맞춤형 성장지원 시스템,미부여,N,Y,261,한국기술교육대학교운영지원,한국기술교육대학교출연,"41,966,000",기관매핑,혼합,직업훈련·교육,교육/학습(LMS),교육기관,N,저,웹,혼합,직업훈련·교육,교육/학습(LMS),교육기관,N,저,웹
한국기술교육대학교,한기대내부업무시스템,K-디지털 트레이닝 심사·평가 관리 시스템,미부여,N,N,261,한국기술교육대학교운영지원,한국기술교육대학교출연,"41,966,000",기관매핑,내부,직업훈련·교육,업무처리시스템,교육기관,N,저,웹,내부,직업훈련·교육,업무처리시스템,교육기관,N,저,웹
한국기술교육대학교,한기대LMS,OKLMS,4,Y,Y,261,한국기술교육대학교운영지원,한국기술교육대학교출연,"41,966,000",기관매핑,혼합,직업훈련·교육,교육/학습(LMS),교육기관,N,중,웹,혼합,직업훈련·교육,교육/학습(LMS),교육기관,N,중,웹
한국기술교육대학교,홈페이지,고용직업능력개발센터 홈페이지,3,Y,N,261,한국기술교육대학교운영지원,한국기술교육대학교출연,"41,966,000",기관매핑,대국민,직업훈련·교육,홈페이지/포털,교육기관,N,중,웹,대국민,직업훈련·교육,홈페이지/포털,교육기관,N,중,웹
한국기술교육대학교,홈페이지,공용장비센터 홈페이지,3,N,N,261,한국기술교육대학교운영지원,한국기술교육대학교출연,"41,966,000",기관매핑,대국민,정보공개·홍보,홈페이지/포털,교육기관,N,저,웹,대국민,정보공개·홍보,홈페이지/포털,교육기관,N,저,웹
한국기술교육대학교,홈페이지,능력개발교육원 대표 홈페이지,3,Y,Y,261,한국기술교육대학교운영지원,한국기술교육대학교출연,"41,966,000",기관매핑,대국민,직업훈련·교육,홈페이지/포털,교육기관,N,저,웹,대국민,직업훈련·교육,홈페이지/포털,교육기관,N,저,웹
한국기술교육대학교,홈페이지,다산정보관 홈페이지,3,N,N,261,한국기술교육대학교운영지원,한국기술교육대학교출연,"41,966,000",기관매핑,대국민,정보공개·홍보,홈페이지/포털,교육기관,N,저,웹,대국민,정보공개·홍보,홈페이지/포털,교육기관,N,저,웹
한국기술교육대학교,홈페이지,대학 대표 홈페이지(통합),4,Y,Y,261,한국기술교육대학교운영지원,한국기술교육대학교출연,"41,966,000",기관매핑,대국민,정보공개·홍보,홈페이지/포털,교육기관,N,저,웹,대국민,정보공개·홍보,홈페이지/포털,교육기관,N,저,웹
한국기술교육대학교,한기대내부업무시스템,미래학습관 데이터 관리 시스템,미부여,N,N,261,한국기술교육대학교운영지원,한국기술교육대학교출연,"41,966,000",기관매핑,내부,직업훈련·교육,업무처리시스템,교육기관,N,저,웹,내부,직업훈련·교육,업무처리시스템,교육기관,N,저,웹
한국기술교육대학교,한기대내부업무시스템,미래학습관 스마트팩토리 통합관제 시스템,미부여,N,N,261,한국기술교육대학교운영지원,한국기술교육대학교출연,"41,966,000",기관매핑,내부,직업훈련·교육,업무처리시스템,교육기관,N,저,웹,내부,직업훈련·교육,업무처리시스템,교육기관,N,저,웹
한국기술교육대학교,한기대내부업무시스템,부정훈련관리정보시스템(TFDS),4,N,Y,261,한국기술교육대학교운영지원,한국기술교육대학교출연,"41,966,000",기관매핑,혼합,사회보험,업무처리시스템,교육기관,Y,고,웹,혼합,사회보험,업무처리시스템,교육기관,Y,고,웹
한국기술교육대학교,한기대LMS,스마트 직업훈련 플랫폼(STEP),3,N,Y,261,한국기술교육대학교운영지원,한국기술교육대학교출연,"41,966,000",기관매핑,혼합,직업훈련·교육,교육/학습(LMS),교육기관,N,중,웹,혼합,직업훈련·교육,교육/학습(LMS),교육기관,N,중,웹
한국기술교육대학교,한기대LMS,스마트 직업훈련 플랫폼(STEP) 앱 시스템,3,N,Y,261,한국기술교육대학교운영지원,한국기술교육대학교출연,"41,966,000",기관매핑,혼합,직업훈련·교육,교육/학습(LMS),교육기관,N,중,앱,혼합,직업훈련·교육,교육/학습(LMS),교육기관,N,중,앱
한국기술교육대학교,한기대LMS,온라인교육,3,Y,Y,261,한국기술교육대학교운영지원,한국기술교육대학교출연,"41,966,000",기관매핑,혼합,직업훈련·교육,교육/학습(LMS),교육기관,N,저,웹,혼합,직업훈련·교육,교육/학습(LMS),교육기관,N,저,웹
한국기술교육대학교,한기대내부업무시스템,원격훈련심사시스템,4,N,Y,261,한국기술교육대학교운영지원,한국기술교육대학교출연,"41,966,000",기관매핑,혼합,직업훈련·교육,업무처리시스템,교육기관,N,중,웹,혼합,직업훈련·교육,업무처리시스템,교육기관,N,중,웹
한국기술교육대학교,한기대내부업무시스템,웹메일,3,Y,Y,261,한국기술교육대학교운영지원,한국기술교육대학교출연,"41,966,000",기관매핑,내부,행정지원,업무처리시스템,교육기관,N,저,웹,내부,행정지원,업무처리시스템,교육기관,N,저,웹
한국기술교육대학교,한기대내부업무시스템,의사결정지원(IR)시스템,4,N,N,261,한국기술교육대학교운영지원,한국기술교육대학교출연,"41,966,000",기관매핑,내부,직업훈련·교육,데이터/분석,교육기관,N,저,웹,내부,직업훈련·교육,데이터/분석,교육기관,N,저,웹
한국기술교육대학교,홈페이지,일학습병행 공동훈련센터 지원단 홈페이지,3,N,N,261,한국기술교육대학교운영지원,한국기술교육대학교출연,"41,966,000",기관매핑,대국민,직업훈련·교육,홈페이지/포털,교육기관,N,저,웹,대국민,직업훈련·교육,홈페이지/포털,교육기관,N,저,웹
한국기술교육대학교,한기대LMS,일학습병행 기업전담인력 양성교육 LMS,4,Y,Y,261,한국기술교육대학교운영지원,한국기술교육대학교출연,"41,966,000",기관매핑,혼합,직업훈련·교육,교육/학습(LMS),교육기관,N,저,웹,혼합,직업훈련·교육,교육/학습(LMS),교육기관,N,저,웹
한국기술교육대학교,홈페이지,일학습병행 전담인력 학습지원 홈페이지,3,Y,N,261,한국기술교육대학교운영지원,한국기술교육대학교출연,"41,966,000",기관매핑,대국민,직업훈련·교육,홈페이지/포털,교육기관,N,저,웹,대국민,직업훈련·교육,홈페이지/포털,교육기관,N,저,웹
한국기술교육대학교,홈페이지,일학습병행대학 홈페이지,3,Y,N,261,한국기술교육대학교운영지원,한국기술교육대학교출연,"41,966,000",기관매핑,대국민,직업훈련·교육,홈페이지/포털,교육기관,N,저,웹,대국민,직업훈련·교육,홈페이지/포털,교육기관,N,저,웹
한국기술교육대학교,한기대내부업무시스템,전자결재,3,Y,N,261,한국기술교육대학교운영지원,한국기술교육대학교출연,"41,966,000",기관매핑,내부,행정지원,업무처리시스템,교육기관,N,저,웹,내부,행정지원,업무처리시스템,교육기관,N,저,웹
한국기술교육대학교,한기대학사행정시스템,종합정보시스템(학사행정),3,Y,Y,261,한국기술교육대학교운영지원,한국기술교육대학교출연,"41,966,000",기관매핑,내부,직업훈련·교육,업무처리시스템,교육기관,N,중,웹,내부,직업훈련·교육,업무처리시스템,교육기관,N,중,웹
한국기술교육대학교,홈페이지,직업능력심사평가원 통합홈페이지 시스템,3,N,Y,261,한국기술교육대학교운영지원,한국기술교육대학교출연,"41,966,000",기관매핑,대국민,정보공개·홍보,홈페이지/포털,교육기관,N,저,웹,대국민,정보공개·홍보,홈페이지/포털,교육기관,N,저,웹
한국기술교육대학교,한기대내부업무시스템,측위 시스템,미부여,N,N,261,한국기술교육대학교운영지원,한국기술교육대학교출연,"41,966,000",기관매핑,내부,직업훈련·교육,내부인프라,교육기관,N,저,웹,내부,직업훈련·교육,내부인프라,교육기관,N,저,웹
한국기술교육대학교,홈페이지,코리아텍,3,Y,Y,261,한국기술교육대학교운영지원,한국기술교육대학교출연,"41,966,000",기관매핑,내부,직업훈련·교육,홈페이지/포털,교육기관,N,저,웹,내부,직업훈련·교육,홈페이지/포털,교육기관,N,저,웹
한국기술교육대학교,한기대학사행정시스템,학생종합경력개발시스탬(STEMS),4,Y,N,261,한국기술교육대학교운영지원,한국기술교육대학교출연,"41,966,000",기관매핑,내부,직업훈련·교육,업무처리시스템,교육기관,N,저,웹,내부,직업훈련·교육,업무처리시스템,교육기관,N,저,웹
한국기술교육대학교,홈페이지,한국기술교육대학교 산학협력단 대표홈페이지,3,N,N,261,한국기술교육대학교운영지원,한국기술교육대학교출연,"41,966,000",기관매핑,대국민,직업훈련·교육,홈페이지/포털,교육기관,N,저,웹,대국민,직업훈련·교육,홈페이지/포털,교육기관,N,저,웹
한국산업인력공단,홈페이지,HRD4U,4,N,Y,14,한국산업인력공단(정보화),한국산업인력공단출연,"6,608,000",기관매핑,혼합,직업훈련·교육,업무처리시스템,공단,N,중,웹,혼합,직업훈련·교육,업무처리시스템,공단,N,중,웹
한국산업인력공단,산업인력공단 행정시스템,PDMS 일학습병행 훈련과정개발ㆍ인정 시스템,4,N,Y,14,한국산업인력공단(정보화),한국산업인력공단출연,"6,608,000",기관매핑,혼합,직업훈련·교육,업무처리시스템,공단,N,저,웹,혼합,직업훈련·교육,업무처리시스템,공단,N,저,웹
한국산업인력공단,산업인력공단 내부업무시스템,e-감사시스템,4,N,N,14,한국산업인력공단(정보화),한국산업인력공단출연,"6,608,000",기관매핑,내부,행정지원,업무처리시스템,공단,N,저,웹,내부,행정지원,업무처리시스템,공단,N,저,웹
한국산업인력공단,홈페이지,jobplusTV,4,N,Y,14,한국산업인력공단(정보화),한국산업인력공단출연,"6,608,000",기관매핑,대국민,정보공개·홍보,업무처리시스템,공단,N,저,웹,대국민,정보공개·홍보,업무처리시스템,공단,N,저,웹
한국산업인력공단,산업인력공단 내부업무시스템,경영지원포털시스템,3,N,Y,14,한국산업인력공단(정보화),한국산업인력공단출연,"6,608,000",기관매핑,내부,행정지원,홈페이지/포털,공단,N,저,웹,내부,행정지원,홈페이지/포털,공단,N,저,웹
한국산업인력공단,산업인력공단 행정시스템,고용허가제통합정보망,2,N,Y,14,한국산업인력공단(정보화),한국산업인력공단출연,"6,608,000",기관매핑,혼합,외국인고용,업무처리시스템,공단,N,고,웹,혼합,외국인고용,업무처리시스템,공단,N,고,웹
한국산업인력공단,홈페이지,공단대표홈페이지,3,N,Y,14,한국산업인력공단(정보화),한국산업인력공단출연,"6,608,000",기관매핑,대국민,정보공개·홍보,홈페이지/포털,공단,N,저,웹,대국민,정보공개·홍보,홈페이지/포털,공단,N,저,웹
한국산업인력공단,과정평가형일학습병행자격정보시스템(CQ-Net),과정평가형일학습병행자격정보시스템(CQ-Net),2,N,Y,14,한국산업인력공단(정보화),한국산업인력공단출연,"6,608,000",기관매핑,대국민,자격·평가,업무처리시스템,공단,N,중,복합,대국민,자격·평가,업무처리시스템,공단,N,중,복합
한국산업인력공단,국가직무능력표준시스템,국가직무능력표준시스템,3,N,Y,14,한국산업인력공단(정보화),한국산업인력공단출연,"6,608,000",기관매핑,내부,자격·평가,업무처리시스템,공단,N,저,웹,내부,자격·평가,업무처리시스템,공단,N,저,웹
한국산업인력공단,홈페이지,마이스터넷(우수숙련기술인포털서비스),3,N,Y,14,한국산업인력공단(정보화),한국산업인력공단출연,"6,608,000",기관매핑,대국민,정보공개·홍보,홈페이지/포털,공단,N,저,웹,대국민,정보공개·홍보,홈페이지/포털,공단,N,저,웹
한국산업인력공단,외국인력상담센터 콜 상담시스템,외국인력상담센터 콜 상담시스템,4,N,N,14,한국산업인력공단(정보화),한국산업인력공단출연,"6,608,000",기관매핑,대국민,외국인고용,상담/콜센터,공단,N,중,콜,대국민,외국인고용,상담/콜센터,공단,N,중,콜
한국산업인력공단,산업인력공단 행정시스템,원격훈련모니터링시스템,4,N,Y,14,한국산업인력공단(정보화),한국산업인력공단출연,"6,608,000",기관매핑,혼합,직업훈련·교육,업무처리시스템,공단,N,중,웹,혼합,직업훈련·교육,업무처리시스템,공단,N,중,웹
한국산업인력공단,월드잡플러스시스템,월드잡플러스시스템,2,N,Y,14,한국산업인력공단(정보화),한국산업인력공단출연,"6,608,000",기관매핑,대국민,고용서비스,업무처리시스템,공단,N,중,웹,대국민,고용서비스,업무처리시스템,공단,N,중,웹
한국산업인력공단,자격정보시스템(Q-Net),자격CBT시스템,3,N,Y,14,한국산업인력공단(정보화),한국산업인력공단출연,"6,608,000",기관매핑,혼합,자격·평가,업무처리시스템,공단,N,중,웹,혼합,자격·평가,업무처리시스템,공단,N,중,웹
한국산업인력공단,자격정보시스템(Q-Net),자격정보시스템(Q-Net),1,N,Y,14,한국산업인력공단(정보화),한국산업인력공단출연,"6,608,000",기관매핑,대국민,자격·평가,업무처리시스템,공단,N,중,복합,대국민,자격·평가,업무처리시스템,공단,N,중,복합
한국산업인력공단,직무능력은행 시스템,직무능력은행 시스템,3,N,Y,14,한국산업인력공단(정보화),한국산업인력공단출연,"6,608,000",기관매핑,내부,직업훈련·교육,업무처리시스템,공단,N,저,웹,내부,직업훈련·교육,업무처리시스템,공단,N,저,웹
한국산업인력공단,자격정보시스템(Q-Net),출제정보시스템,2,N,Y,14,한국산업인력공단(정보화),한국산업인력공단출연,"6,608,000",기관매핑,혼합,자격·평가,업무처리시스템,공단,N,중,웹,혼합,자격·평가,업무처리시스템,공단,N,중,웹
한국고용정보원,한국고용정보원 내부업무시스템,EA관리시스템,4,N,Y,3,고용전산망관리(정보화),고용전산망관리(정보화),"39,470,000",키워드매핑,내부,행정지원,내부인프라,정보원,N,저,웹,내부,행정지원,내부인프라,정보원,N,저,웹
한국고용정보원,고용 행정처리시스템,가사랑,4,N,Y,3,고용전산망관리(정보화),고용전산망관리(정보화),"39,470,000",키워드매핑,혼합,고용서비스,업무처리시스템,정보원,N,중,웹,혼합,고용서비스,업무처리시스템,정보원,N,중,웹
한국고용정보원,한국고용정보원 내부업무시스템,경영정보시스템,3,N,N,3,고용전산망관리(정보화),고용전산망관리(정보화),"39,470,000",키워드매핑,내부,행정지원,업무처리시스템,정보원,N,저,웹,내부,행정지원,업무처리시스템,정보원,N,저,웹
한국고용정보원,홈페이지,고용24,1,Y,Y,3,고용전산망관리(정보화),고용전산망관리(정보화),"39,470,000",키워드매핑,대국민,고용서비스,업무처리시스템,정보원,N,중,복합,대국민,고용서비스,업무처리시스템,정보원,N,중,복합
한국고용정보원,고용 행정처리시스템,고용보험시스템,2,Y,Y,3,고용전산망관리(정보화),고용전산망관리(정보화),"39,470,000",키워드매핑,혼합,사회보험,금융/기금,정보원,Y,고,웹,혼합,사회보험,금융/기금,정보원,Y,고,웹
한국고용정보원,고용 행정처리시스템,고용복지+센터 업무시스템,3,N,Y,3,고용전산망관리(정보화),고용전산망관리(정보화),"39,470,000",키워드매핑,내부,고용서비스,업무처리시스템,정보원,N,중,웹,내부,고용서비스,업무처리시스템,정보원,N,중,웹
한국고용정보원,고용 행정처리시스템,고용서비스 통합시스템,4,N,Y,3,고용전산망관리(정보화),고용전산망관리(정보화),"39,470,000",키워드매핑,혼합,고용서비스,업무처리시스템,정보원,N,중,웹,혼합,고용서비스,업무처리시스템,정보원,N,중,웹
한국고용정보원,고용 행정처리시스템,고용서비스성과관리시스템,4,N,Y,3,고용전산망관리(정보화),고용전산망관리(정보화),"39,470,000",키워드매핑,내부,고용서비스,데이터/분석,정보원,N,중,웹,내부,고용서비스,데이터/분석,정보원,N,중,웹
한국고용정보원,고용 행정처리시스템,고용정보통합분석시스템,4,N,Y,11,일자리정보플랫폼 기반 AI 고용서비스 지원(정보화),국가일자리정보플랫폼 구축·운영(정보화),"11,101,000",키워드매핑,내부,고용서비스,데이터/분석,정보원,N,저,웹,내부,고용서비스,데이터/분석,정보원,N,저,웹
한국고용정보원,고용 행정처리시스템,고용조사 분석시스템,4,N,N,11,일자리정보플랫폼 기반 AI 고용서비스 지원(정보화),국가일자리정보플랫폼 구축·운영(정보화),"11,101,000",키워드매핑,내부,고용서비스,데이터/분석,정보원,N,저,웹,내부,고용서비스,데이터/분석,정보원,N,저,웹
한국고용정보원,한국고용정보원 내부업무시스템,그룹웨어,3,N,Y,3,고용전산망관리(정보화),고용전산망관리(정보화),"39,470,000",키워드매핑,내부,행정지원,업무처리시스템,정보원,N,저,웹,내부,행정지원,업무처리시스템,정보원,N,저,웹
한국고용정보원,고용 행정처리시스템,데이터관리포털,3,N,N,3,고용전산망관리(정보화),고용전산망관리(정보화),"39,470,000",키워드매핑,내부,행정지원,데이터/분석,정보원,N,저,웹,내부,행정지원,데이터/분석,정보원,N,저,웹
한국고용정보원,고용 행정처리시스템,바로원시스템,2,Y,Y,3,고용전산망관리(정보화),고용전산망관리(정보화),"39,470,000",키워드매핑,혼합,고용서비스,업무처리시스템,정보원,N,고,웹,혼합,고용서비스,업무처리시스템,정보원,N,고,웹
한국고용정보원,고용 행정처리시스템,외국인고용관리시스템,2,Y,Y,3,고용전산망관리(정보화),고용전산망관리(정보화),"39,470,000",키워드매핑,혼합,외국인고용,업무처리시스템,정보원,N,고,웹,혼합,외국인고용,업무처리시스템,정보원,N,고,웹
한국고용정보원,고용 행정처리시스템,워크넷,2,Y,Y,3,고용전산망관리(정보화),고용전산망관리(정보화),"39,470,000",키워드매핑,대국민,고용서비스,업무처리시스템,정보원,N,중,복합,대국민,고용서비스,업무처리시스템,정보원,N,중,복합
한국고용정보원,고용 행정처리시스템,일자리사업 통합정보시스템,2,Y,Y,3,고용전산망관리(정보화),고용전산망관리(정보화),"39,470,000",키워드매핑,혼합,고용서비스,업무처리시스템,정보원,N,중,웹,혼합,고용서비스,업무처리시스템,정보원,N,중,웹
한국고용정보원,고용 행정처리시스템,일자리사업평가분석시스템(EPAS),4,N,Y,11,일자리정보플랫폼 기반 AI 고용서비스 지원(정보화),국가일자리정보플랫폼 구축·운영(정보화),"11,101,000",키워드매핑,내부,고용서비스,데이터/분석,정보원,N,중,웹,내부,고용서비스,데이터/분석,정보원,N,중,웹
한국고용정보원,홈페이지,임금직업정보시스템,미부여,N,Y,3,고용전산망관리(정보화),고용전산망관리(정보화),"39,470,000",키워드매핑,대국민,고용서비스,데이터/분석,정보원,N,저,웹,대국민,고용서비스,데이터/분석,정보원,N,저,웹
한국고용정보원,홈페이지,지역일자리맵,4,N,Y,3,고용전산망관리(정보화),고용전산망관리(정보화),"39,470,000",키워드매핑,대국민,고용서비스,데이터/분석,정보원,N,저,웹,대국민,고용서비스,데이터/분석,정보원,N,저,웹
한국고용정보원,고용 행정처리시스템,직업능력개발정보망,2,Y,Y,3,고용전산망관리(정보화),고용전산망관리(정보화),"39,470,000",키워드매핑,혼합,직업훈련·교육,업무처리시스템,정보원,N,중,웹,혼합,직업훈련·교육,업무처리시스템,정보원,N,중,웹
한국고용정보원,홈페이지,청년 일경험 통합플랫폼,미부여,N,Y,11,일자리정보플랫폼 기반 AI 고용서비스 지원(정보화),국가일자리정보플랫폼 구축·운영(정보화),"11,101,000",키워드매핑,대국민,고용서비스,업무처리시스템,정보원,N,중,웹,대국민,고용서비스,업무처리시스템,정보원,N,중,웹
한국고용정보원,고용 행정처리시스템,취업지원전산망,2,Y,Y,3,고용전산망관리(정보화),고용전산망관리(정보화),"39,470,000",키워드매핑,혼합,고용서비스,업무처리시스템,정보원,N,고,웹,혼합,고용서비스,업무처리시스템,정보원,N,고,웹
한국고용정보원,한국고용정보원 내부업무시스템,통합상담시스템,4,N,Y,3,고용전산망관리(정보화),고용전산망관리(정보화),"39,470,000",키워드매핑,대국민,고용서비스,상담/콜센터,정보원,N,중,웹,대국민,고용서비스,상담/콜센터,정보원,N,중,웹
한국고용정보원,홈페이지,한국고용정보원 홈페이지,4,N,Y,3,고용전산망관리(정보화),고용전산망관리(정보화),"39,470,000",키워드매핑,대국민,고용서비스,홈페이지/포털,정보원,N,저,웹,대국민,고용서비스,홈페이지/포털,정보원,N,저,웹
학교법인한국폴리텍,폴리텍내부업무시스템,그룹웨어,3,N,Y,272,한국폴리텍대학운영지원,한국폴리텍대학출연,"313,648,000",기관매핑,내부,행정지원,업무처리시스템,교육기관,N,저,웹,내부,행정지원,업무처리시스템,교육기관,N,저,웹
학교법인한국폴리텍,폴리텍LMS,꿈드림공작소 운영시스템,4,N,N,272,한국폴리텍대학운영지원,한국폴리텍대학출연,"313,648,000",기관매핑,대국민,직업훈련·교육,업무처리시스템,교육기관,N,저,웹,대국민,직업훈련·교육,업무처리시스템,교육기관,N,저,웹
학교법인한국폴리텍,홈페이지,대표 홈페이지,3,N,N,272,한국폴리텍대학운영지원,한국폴리텍대학출연,"313,648,000",기관매핑,대국민,정보공개·홍보,홈페이지/포털,교육기관,N,저,웹,대국민,정보공개·홍보,홈페이지/포털,교육기관,N,저,웹
학교법인한국폴리텍,홈페이지,산단통합홈페이지,3,N,N,272,한국폴리텍대학운영지원,한국폴리텍대학출연,"313,648,000",기관매핑,대국민,정보공개·홍보,홈페이지/포털,교육기관,N,저,웹,대국민,정보공개·홍보,홈페이지/포털,교육기관,N,저,웹
학교법인한국폴리텍,폴리텍학사행정시스템,산학협력 통합정보시스템,4,N,N,272,한국폴리텍대학운영지원,한국폴리텍대학출연,"313,648,000",기관매핑,내부,직업훈련·교육,업무처리시스템,교육기관,N,저,웹,내부,직업훈련·교육,업무처리시스템,교육기관,N,저,웹
학교법인한국폴리텍,홈페이지,통합입시 홈페이지,3,N,N,272,한국폴리텍대학운영지원,한국폴리텍대학출연,"313,648,000",기관매핑,대국민,정보공개·홍보,홈페이지/포털,교육기관,N,저,웹,대국민,정보공개·홍보,홈페이지/포털,교육기관,N,저,웹
학교법인한국폴리텍,폴리텍학사행정시스템,통합포털종합정보시스템,2,N,Y,272,한국폴리텍대학운영지원,한국폴리텍대학출연,"313,648,000",기관매핑,대국민,직업훈련·교육,홈페이지/포털,교육기관,N,중,웹,대국민,직업훈련·교육,홈페이지/포털,교육기관,N,중,웹
학교법인한국폴리텍,폴리텍내부업무시스템,한국폴리텍대학 도서관 자동화시스템,4,N,N,272,한국폴리텍대학운영지원,한국폴리텍대학출연,"313,648,000",기관매핑,내부,직업훈련·교육,업무처리시스템,교육기관,N,저,웹,내부,직업훈련·교육,업무처리시스템,교육기관,N,저,웹
노사발전재단,노사발전재단내부업무시스템,노사발전재단 통합 정보시스템,3,N,N,,노사발전재단지원(경상경비),,,기본매핑(검토필요),내부,노사관계,업무처리시스템,재단/진흥원,N,저,웹,내부,노사관계,업무처리시스템,재단/진흥원,N,저,웹
노사발전재단,홈페이지,워크인코리아 홈페이지,3,N,N,,노사발전재단지원(경상경비),,,기본매핑(검토필요),대국민,고용서비스,홈페이지/포털,재단/진흥원,N,저,웹,대국민,고용서비스,홈페이지/포털,재단/진흥원,N,저,웹
노사발전재단,노사발전재단내부업무시스템,일터혁신 플랫폼,4,N,N,,노사발전재단지원(경상경비),,,기본매핑(검토필요),대국민,노사관계,업무처리시스템,재단/진흥원,N,저,웹,대국민,노사관계,업무처리시스템,재단/진흥원,N,저,웹
노사발전재단,노사발전재단내부업무시스템,재단 그룹웨어 시스템,3,N,N,,노사발전재단지원(경상경비),,,기본매핑(검토필요),내부,행정지원,업무처리시스템,재단/진흥원,N,저,웹,내부,행정지원,업무처리시스템,재단/진흥원,N,저,웹
노사발전재단,노사발전재단내부업무시스템,재단 웹메일 시스템,3,N,N,,노사발전재단지원(경상경비),,,기본매핑(검토필요),내부,행정지원,업무처리시스템,재단/진흥원,N,저,웹,내부,행정지원,업무처리시스템,재단/진흥원,N,저,웹
노사발전재단,노사발전재단내부업무시스템,재단 전사적자원관리(ERP),3,N,N,,노사발전재단지원(경상경비),,,기본매핑(검토필요),내부,행정지원,업무처리시스템,재단/진흥원,N,저,웹,내부,행정지원,업무처리시스템,재단/진흥원,N,저,웹
노사발전재단,홈페이지,적극적고용개선 홈페이지,3,N,N,,노사발전재단지원(경상경비),,,기본매핑(검토필요),대국민,고용서비스,홈페이지/포털,재단/진흥원,N,저,웹,대국민,고용서비스,홈페이지/포털,재단/진흥원,N,저,웹
한국산업안전보건공단,산업안전 행정시스템,K2B시스템,2,N,Y,,안전보건관리 정보시스템 운영(정보화),,,기관매핑,혼합,산업안전보건,업무처리시스템,공단,N,중,웹,혼합,산업안전보건,업무처리시스템,공단,N,중,웹
한국산업안전보건공단,홈페이지,VR전용관,4,N,Y,,안전보건관리 정보시스템 운영(정보화),,,기관매핑,대국민,산업안전보건,교육/학습(LMS),공단,N,저,웹,대국민,산업안전보건,교육/학습(LMS),공단,N,저,웹
한국산업안전보건공단,산업안전 행정시스템,건설업 유해위험 방지계획서 업무시스템,4,N,Y,,안전보건관리 정보시스템 운영(정보화),,,기관매핑,내부,산업안전보건,업무처리시스템,공단,N,저,웹,내부,산업안전보건,업무처리시스템,공단,N,저,웹
한국산업안전보건공단,산업안전 행정시스템,공정안전 및 위험경보제 지원시스템(ePSM),4,N,Y,,안전보건관리 정보시스템 운영(정보화),,,기관매핑,내부,산업안전보건,업무처리시스템,공단,N,저,웹,내부,산업안전보건,업무처리시스템,공단,N,저,웹
한국산업안전보건공단,안전보건공단LMS,교육 포털 서비스(산업안전보건교육원 홈페이지/이러닝교육센터/직무교육센터),4,N,Y,,안전보건관리 정보시스템 운영(정보화),,,기관매핑,대국민,산업안전보건,교육/학습(LMS),공단,N,저,웹,대국민,산업안전보건,교육/학습(LMS),공단,N,저,웹
한국산업안전보건공단,산업안전 내부업무시스템,그룹웨어 시스템,4,N,Y,,안전보건관리 정보시스템 운영(정보화),,,기관매핑,내부,행정지원,업무처리시스템,공단,N,저,웹,내부,행정지원,업무처리시스템,공단,N,저,웹
한국산업안전보건공단,산업안전 행정시스템,근로자건강센터 통합 전산시스템,4,N,Y,,안전보건관리 정보시스템 운영(정보화),,,기관매핑,내부,산업안전보건,의료정보,공단,N,중,웹,내부,산업안전보건,의료정보,공단,N,중,웹
한국산업안전보건공단,산업안전 행정시스템,물질안전보건자료시스템,4,N,Y,,안전보건관리 정보시스템 운영(정보화),,,기관매핑,대국민,산업안전보건,업무처리시스템,공단,N,저,웹,대국민,산업안전보건,업무처리시스템,공단,N,저,웹
한국산업안전보건공단,홈페이지,미디어 현장배송 서비스,4,N,Y,,안전보건관리 정보시스템 운영(정보화),,,기관매핑,대국민,산업안전보건,업무처리시스템,공단,N,저,웹,대국민,산업안전보건,업무처리시스템,공단,N,저,웹
한국산업안전보건공단,산업안전 행정시스템,사업장 산업재해율 조회결과 발급시스템,4,N,Y,,안전보건관리 정보시스템 운영(정보화),,,기관매핑,혼합,산업안전보건,업무처리시스템,공단,N,저,웹,혼합,산업안전보건,업무처리시스템,공단,N,저,웹
한국산업안전보건공단,산업안전 행정시스템,산업안전교육이수확인(ICT콘텐츠플랫폼),4,N,Y,,안전보건관리 정보시스템 운영(정보화),,,기관매핑,혼합,산업안전보건,업무처리시스템,공단,N,저,웹,혼합,산업안전보건,업무처리시스템,공단,N,저,웹
한국산업안전보건공단,홈페이지,산업안전보건교육원 홈페이지,3,N,Y,,안전보건관리 정보시스템 운영(정보화),,,기관매핑,대국민,산업안전보건,홈페이지/포털,공단,N,저,웹,대국민,산업안전보건,홈페이지/포털,공단,N,저,웹
한국산업안전보건공단,홈페이지,산업안전보건인증원 홈페이지,3,N,Y,,안전보건관리 정보시스템 운영(정보화),,,기관매핑,대국민,산업안전보건,홈페이지/포털,공단,N,저,웹,대국민,산업안전보건,홈페이지/포털,공단,N,저,웹
한국산업안전보건공단,산업안전 내부업무시스템,산재예방 빅데이터 플랫폼,3,N,Y,,안전보건관리 정보시스템 운영(정보화),,,기관매핑,대국민,산업안전보건,데이터/분석,공단,N,저,웹,대국민,산업안전보건,데이터/분석,공단,N,저,웹
한국산업안전보건공단,홈페이지,산재예방정보시스템,2,N,Y,,안전보건관리 정보시스템 운영(정보화),,,기관매핑,혼합,산업안전보건,업무처리시스템,공단,N,중,웹,혼합,산업안전보건,업무처리시스템,공단,N,중,웹
한국산업안전보건공단,홈페이지,아시아·태평양 산업안전보건기구 홈페이지(APOSHO 홈페이지),4,N,Y,,안전보건관리 정보시스템 운영(정보화),,,기관매핑,대국민,정보공개·홍보,홈페이지/포털,공단,N,저,웹,대국민,정보공개·홍보,홈페이지/포털,공단,N,저,웹
한국산업안전보건공단,안전보건공단LMS,안전보건교육포털,3,N,Y,,안전보건관리 정보시스템 운영(정보화),,,기관매핑,대국민,산업안전보건,교육/학습(LMS),공단,N,저,웹,대국민,산업안전보건,교육/학습(LMS),공단,N,저,웹
한국산업안전보건공단,산업안전 행정시스템,안전투자 혁신사업 종합운영시스템,4,N,Y,,안전보건관리 정보시스템 운영(정보화),,,기관매핑,내부,산업안전보건,업무처리시스템,공단,N,저,웹,내부,산업안전보건,업무처리시스템,공단,N,저,웹
한국산업안전보건공단,산업안전 행정시스템,위험성평가 시스템(KRAS 심사원),3,N,Y,,안전보건관리 정보시스템 운영(정보화),,,기관매핑,혼합,산업안전보건,업무처리시스템,공단,N,중,웹,혼합,산업안전보건,업무처리시스템,공단,N,중,웹
한국산업안전보건공단,산업안전 행정시스템,위험성평가 시스템(KRAS2.0),4,N,Y,,안전보건관리 정보시스템 운영(정보화),,,기관매핑,혼합,산업안전보건,업무처리시스템,공단,N,중,웹,혼합,산업안전보건,업무처리시스템,공단,N,중,웹
한국산업안전보건공단,산업안전 행정시스템,유해위험 기계기구 종합정보시스템,4,N,Y,,안전보건관리 정보시스템 운영(정보화),,,기관매핑,내부,산업안전보건,업무처리시스템,공단,N,중,웹,내부,산업안전보건,업무처리시스템,공단,N,중,웹
한국산업안전보건공단,산업안전 행정시스템,유해화학물질 취급시설 검사시스템,4,N,Y,,안전보건관리 정보시스템 운영(정보화),,,기관매핑,내부,산업안전보건,업무처리시스템,공단,N,저,웹,내부,산업안전보건,업무처리시스템,공단,N,저,웹
한국산업안전보건공단,산업안전 행정시스템,작업환경 종합관리 플랫폼,4,N,Y,,안전보건관리 정보시스템 운영(정보화),,,기관매핑,대국민,산업안전보건,업무처리시스템,공단,N,저,웹,대국민,산업안전보건,업무처리시스템,공단,N,저,웹
한국산업안전보건공단,산업안전 행정시스템,직종별 플랫폼 재해예방 시스템,4,N,Y,,안전보건관리 정보시스템 운영(정보화),,,기관매핑,대국민,산업안전보건,업무처리시스템,공단,N,저,웹,대국민,산업안전보건,업무처리시스템,공단,N,저,웹
한국산업안전보건공단,산업안전 행정시스템,클린사업장 조성지원시스템,4,N,Y,,안전보건관리 정보시스템 운영(정보화),,,기관매핑,내부,산업안전보건,업무처리시스템,공단,N,저,웹,내부,산업안전보건,업무처리시스템,공단,N,저,웹
한국산업안전보건공단,홈페이지,홈페이지시스템,3,N,Y,,안전보건관리 정보시스템 운영(정보화),,,기관매핑,대국민,정보공개·홍보,홈페이지/포털,공단,N,저,웹,대국민,정보공개·홍보,홈페이지/포털,공단,N,저,웹
한국산업안전보건공단,홈페이지,화학물질 노출정보 알리미,4,N,Y,,안전보건관리 정보시스템 운영(정보화),,,기관매핑,대국민,산업안전보건,업무처리시스템,공단,N,저,웹,대국민,산업안전보건,업무처리시스템,공단,N,저,웹
한국산업안전보건공단,홈페이지,화학물질정보,4,N,Y,,안전보건관리 정보시스템 운영(정보화),,,기관매핑,대국민,산업안전보건,업무처리시스템,공단,N,저,웹,대국민,산업안전보건,업무처리시스템,공단,N,저,웹
근로복지공단,근로복지공단내부업무시스템,E-HRD시스템,4,N,N,62,근로복지공단 기관운영경비,산재보험및예방기금운영비,"39,702,000",기본매핑(검토필요),혼합,직업훈련·교육,교육/학습(LMS),공단,N,중,웹,혼합,직업훈련·교육,교육/학습(LMS),공단,N,중,웹
근로복지공단,근로복지공단내부업무시스템,E-러닝센터시스템,4,N,N,62,근로복지공단 기관운영경비,산재보험및예방기금운영비,"39,702,000",기본매핑(검토필요),혼합,직업훈련·교육,교육/학습(LMS),공단,N,저,웹,혼합,직업훈련·교육,교육/학습(LMS),공단,N,저,웹
근로복지공단,근로복지공단내부업무시스템,IT-VOC시스템,4,N,Y,62,근로복지공단 기관운영경비,산재보험및예방기금운영비,"39,702,000",기본매핑(검토필요),내부,행정지원,업무처리시스템,공단,N,저,웹,내부,행정지원,업무처리시스템,공단,N,저,웹
근로복지공단,근로복지공단내부업무시스템,e-감사시스템,4,N,N,62,근로복지공단 기관운영경비,산재보험및예방기금운영비,"39,702,000",기본매핑(검토필요),내부,행정지원,업무처리시스템,공단,N,저,웹,내부,행정지원,업무처리시스템,공단,N,저,웹
근로복지공단,노동보험시스템,가입부과 신정보시스템,1,N,Y,2,고용보험적용부과 정보시스템 구축(정보화),고용보험징수관리,"12,662,000",키워드매핑,혼합,사회보험,금융/기금,공단,Y,고,웹,혼합,사회보험,금융/기금,공단,Y,고,웹
근로복지공단,근로복지공단내부업무시스템,개인정보운영지원시스템,미부여,N,N,62,근로복지공단 기관운영경비,산재보험및예방기금운영비,"39,702,000",기본매핑(검토필요),내부,행정지원,내부인프라,공단,N,저,웹,내부,행정지원,내부인프라,공단,N,저,웹
근로복지공단,근로복지공단내부업무시스템,고객상담시스템,4,N,N,62,근로복지공단 기관운영경비,산재보험및예방기금운영비,"39,702,000",기본매핑(검토필요),대국민,고용서비스,상담/콜센터,공단,N,중,웹,대국민,고용서비스,상담/콜센터,공단,N,중,웹
근로복지공단,고용·산재보험 토탈서비스,고용·산재보험 토탈서비스,1,N,N,2,고용보험적용부과 정보시스템 구축(정보화),고용보험징수관리,"12,662,000",키워드매핑,혼합,사회보험,업무처리시스템,공단,Y,고,복합,혼합,사회보험,업무처리시스템,공단,Y,고,복합
근로복지공단,근로복지공단내부업무시스템,과제관리시스템,4,N,N,62,근로복지공단 기관운영경비,산재보험및예방기금운영비,"39,702,000",기본매핑(검토필요),내부,행정지원,업무처리시스템,공단,N,저,웹,내부,행정지원,업무처리시스템,공단,N,저,웹
근로복지공단,근로복지공단내부업무시스템,그룹웨어시스템(웰코넷),3,N,N,,근복기금(신용계정)정보화경비,,,키워드매핑,내부,근로복지,업무처리시스템,공단,Y,저,웹,내부,근로복지,업무처리시스템,공단,Y,저,웹
근로복지공단,홈페이지,근로복지공단 홈페이지,3,N,N,62,근로복지공단 기관운영경비,산재보험및예방기금운영비,"39,702,000",기본매핑(검토필요),대국민,근로복지,홈페이지/포털,공단,N,저,웹,대국민,근로복지,홈페이지/포털,공단,N,저,웹
근로복지공단,홈페이지,근로복지넷,2,N,Y,4,근로복지정보시스템(정보화),근로자복지지원,"9,992,000",키워드매핑,대국민,근로복지,업무처리시스템,공단,Y,고,복합,대국민,근로복지,업무처리시스템,공단,Y,고,복합
근로복지공단,근로복지서비스,근로복지서비스,2,N,Y,4,근로복지정보시스템(정보화),근로자복지지원,"9,992,000",키워드매핑,혼합,근로복지,업무처리시스템,공단,Y,고,웹,혼합,근로복지,업무처리시스템,공단,Y,고,웹
근로복지공단,근로복지공단내부업무시스템,내부포털시스템,3,N,N,62,근로복지공단 기관운영경비,산재보험및예방기금운영비,"39,702,000",기본매핑(검토필요),내부,행정지원,업무처리시스템,공단,N,저,웹,내부,행정지원,업무처리시스템,공단,N,저,웹
근로복지공단,노동보험시스템,노동보험시스템,1,N,Y,,산재보험정보시스템 구축(정보화),,,키워드매핑,혼합,사회보험,업무처리시스템,공단,Y,고,복합,혼합,사회보험,업무처리시스템,공단,Y,고,복합
근로복지공단,노동보험시스템,노동복지데이터분석시스템(EDW),4,N,N,,산재보험정보시스템 구축(정보화),,,키워드매핑,내부,사회보험,데이터/분석,공단,N,저,웹,내부,사회보험,데이터/분석,공단,N,저,웹
근로복지공단,노동보험시스템,망분리시스템(V-Office),3,N,Y,62,근로복지공단 기관운영경비,산재보험및예방기금운영비,"39,702,000",기본매핑(검토필요),내부,행정지원,내부인프라,공단,N,저,웹,내부,행정지원,내부인프라,공단,N,저,웹
근로복지공단,노동보험시스템,부정수급방지시스템(FDS),4,N,N,,산재보험정보시스템 구축(정보화),,,키워드매핑,내부,사회보험,업무처리시스템,공단,Y,고,웹,내부,사회보험,업무처리시스템,공단,Y,고,웹
근로복지공단,노동보험시스템,산재보상맞춤서비스시스템(A-Station),4,N,N,,산재보험정보시스템 구축(정보화),,,키워드매핑,내부,사회보험,업무처리시스템,공단,N,고,웹,내부,사회보험,업무처리시스템,공단,N,고,웹
근로복지공단,근로복지공단의료시스템,산재보험 진료비 약제비 EDI,1,N,N,,산재보험정보시스템 구축(정보화),,,키워드매핑,혼합,사회보험,의료정보,공단,Y,고,웹,혼합,사회보험,의료정보,공단,Y,고,웹
근로복지공단,홈페이지,산재판례정보웹서비스,4,N,N,62,근로복지공단 기관운영경비,산재보험및예방기금운영비,"39,702,000",기본매핑(검토필요),대국민,근로복지,데이터/분석,공단,N,저,웹,대국민,근로복지,데이터/분석,공단,N,저,웹
근로복지공단,근로복지공단내부업무시스템,성과관리시스템,4,N,N,62,근로복지공단 기관운영경비,산재보험및예방기금운영비,"39,702,000",기본매핑(검토필요),내부,행정지원,데이터/분석,공단,N,저,웹,내부,행정지원,데이터/분석,공단,N,저,웹
근로복지공단,노동보험시스템,스마트 자동접수 시스템,3,N,N,62,근로복지공단 기관운영경비,산재보험및예방기금운영비,"39,702,000",기본매핑(검토필요),혼합,근로복지,업무처리시스템,공단,N,저,웹,혼합,근로복지,업무처리시스템,공단,N,저,웹
근로복지공단,근로복지공단내부업무시스템,영상회의시스템,4,N,N,62,근로복지공단 기관운영경비,산재보험및예방기금운영비,"39,702,000",기본매핑(검토필요),내부,행정지원,업무처리시스템,공단,N,저,웹,내부,행정지원,업무처리시스템,공단,N,저,웹
근로복지공단,근로복지공단의료시스템,의료영상저장전송시스템(PACS),3,N,N,,산재보험정보시스템 구축(정보화),,,키워드매핑,내부,사회보험,의료정보,공단,N,고,웹,내부,사회보험,의료정보,공단,N,고,웹
근로복지공단,노동보험시스템,일자리안정지원시스템,4,N,Y,4,근로복지정보시스템(정보화),근로자복지지원,"9,992,000",키워드매핑,내부,근로복지,업무처리시스템,공단,Y,중,웹,내부,근로복지,업무처리시스템,공단,Y,중,웹
근로복지공단,노동보험시스템,재정추계/요율시뮬레이션,4,N,Y,,근복기금(중소계정)정보화경비,,,키워드매핑,내부,근로복지,금융/기금,공단,Y,저,웹,내부,근로복지,금융/기금,공단,Y,저,웹
근로복지공단,근로복지공단중소퇴직기금시스템,중소기업 퇴직연금 기금 통합플랫폼 기금RK 시스템,2,N,Y,4,근로복지정보시스템(정보화),근로자복지지원,"9,992,000",키워드매핑,대국민,근로복지,금융/기금,공단,Y,고,웹,대국민,근로복지,금융/기금,공단,Y,고,웹
근로복지공단,근로복지공단중소퇴직기금시스템,중소기업 퇴직연금 기금 통합플랫폼 기금운용 시스템,3,N,Y,,근복기금(중소계정)정보화경비,,,키워드매핑,대국민,근로복지,금융/기금,공단,Y,저,웹,대국민,근로복지,금융/기금,공단,Y,저,웹
근로복지공단,근로복지공단중소퇴직기금시스템,중소기업 퇴직연금 기금 통합플랫폼 비대면채널 시스템,2,N,Y,4,근로복지정보시스템(정보화),근로자복지지원,"9,992,000",키워드매핑,대국민,근로복지,금융/기금,공단,Y,고,웹,대국민,근로복지,금융/기금,공단,Y,고,웹
근로복지공단,근로복지공단내부업무시스템,지식관리시스템(웰코인),3,N,Y,,근복기금(신용계정)정보화경비,,,키워드매핑,내부,근로복지,업무처리시스템,공단,Y,저,웹,내부,근로복지,업무처리시스템,공단,Y,저,웹
근로복지공단,근로복지공단내부업무시스템,직영어린이집운영시스템,4,N,Y,62,근로복지공단 기관운영경비,산재보험및예방기금운영비,"39,702,000",기본매핑(검토필요),내부,근로복지,업무처리시스템,공단,N,저,웹,내부,근로복지,업무처리시스템,공단,N,저,웹
근로복지공단,근로복지공단내부업무시스템,직장보육지원시스템,4,N,Y,4,근로복지정보시스템(정보화),근로자복지지원,"9,992,000",키워드매핑,내부,근로복지,업무처리시스템,공단,N,중,웹,내부,근로복지,업무처리시스템,공단,N,중,웹
근로복지공단,근로복지공단의료시스템,케어정보시스템,4,N,N,62,근로복지공단 기관운영경비,산재보험및예방기금운영비,"39,702,000",기본매핑(검토필요),내부,근로복지,의료정보,공단,N,고,웹,내부,근로복지,의료정보,공단,N,고,웹
근로복지공단,노동보험시스템,통합문서관리시스템(두루모아),3,N,Y,62,근로복지공단 기관운영경비,산재보험및예방기금운영비,"39,702,000",기본매핑(검토필요),내부,행정지원,업무처리시스템,공단,N,저,웹,내부,행정지원,업무처리시스템,공단,N,저,웹
근로복지공단,근로복지공단의료시스템,통합의료정보시스템(EMR),2,N,Y,4,근로복지정보시스템(정보화),근로자복지지원,"9,992,000",키워드매핑,혼합,근로복지,의료정보,공단,N,고,웹,혼합,근로복지,의료정보,공단,N,고,웹
근로복지공단,근로복지공단내부업무시스템,통합인사급여시스템,4,N,Y,12,임금채권 정보화경비(정보화),임금채권정보화,"341,000",키워드매핑,내부,근로복지,업무처리시스템,공단,Y,고,웹,내부,근로복지,업무처리시스템,공단,Y,고,웹
근로복지공단,근로복지공단내부업무시스템,통합인증시스템,3,N,N,62,근로복지공단 기관운영경비,산재보험및예방기금운영비,"39,702,000",기본매핑(검토필요),내부,행정지원,내부인프라,공단,N,저,웹,내부,행정지원,내부인프라,공단,N,저,웹
근로복지공단,근로복지공단내부업무시스템,통합재정정보시스템,3,N,N,62,근로복지공단 기관운영경비,산재보험및예방기금운영비,"39,702,000",기본매핑(검토필요),내부,행정지원,업무처리시스템,공단,N,저,웹,내부,행정지원,업무처리시스템,공단,N,저,웹
근로복지공단,근로복지공단중소퇴직기금시스템,퇴직연금기록관리시스템,3,N,Y,62,근로복지공단 기관운영경비,산재보험및예방기금운영비,"39,702,000",기본매핑(검토필요),혼합,근로복지,금융/기금,공단,Y,고,웹,혼합,근로복지,금융/기금,공단,Y,고,웹
근로복지공단,홈페이지,퇴직연금홈페이지,2,N,Y,4,근로복지정보시스템(정보화),근로자복지지원,"9,992,000",키워드매핑,대국민,근로복지,홈페이지/포털,공단,Y,중,웹,대국민,근로복지,홈페이지/포털,공단,Y,중,웹
한국장애인고용공단,장애인고용포털,e신고시스템,4,N,N,13,장애인고용정보화(정보화),장애인고용정보화,"4,530,000",기관매핑,혼합,장애인고용,업무처리시스템,공단,N,중,웹,혼합,장애인고용,업무처리시스템,공단,N,중,웹
한국장애인고용공단,홈페이지,대표홈페이지,3,N,N,13,장애인고용정보화(정보화),장애인고용정보화,"4,530,000",기관매핑,대국민,정보공개·홍보,홈페이지/포털,공단,N,저,웹,대국민,정보공개·홍보,홈페이지/포털,공단,N,저,웹
한국장애인고용공단,장애인고용포털,장애인 고용컨설팅 포털,4,N,N,13,장애인고용정보화(정보화),장애인고용정보화,"4,530,000",기관매핑,대국민,장애인고용,홈페이지/포털,공단,N,중,웹,대국민,장애인고용,홈페이지/포털,공단,N,중,웹
한국장애인고용공단,장애인고용포털,장애인고용업무시스템,1,N,N,13,장애인고용정보화(정보화),장애인고용정보화,"4,530,000",기관매핑,혼합,장애인고용,업무처리시스템,공단,N,고,웹,혼합,장애인고용,업무처리시스템,공단,N,고,웹
한국장애인고용공단,장애인고용포털,장애인직업능력평가포털,2,N,N,13,장애인고용정보화(정보화),장애인고용정보화,"4,530,000",기관매핑,대국민,장애인고용,홈페이지/포털,공단,N,중,웹,대국민,장애인고용,홈페이지/포털,공단,N,중,웹
한국장애인고용공단,장애인공단 내부업무시스템,지앤조이,3,N,N,13,장애인고용정보화(정보화),장애인고용정보화,"4,530,000",기관매핑,대국민,장애인고용,업무처리시스템,공단,N,저,웹,대국민,장애인고용,업무처리시스템,공단,N,저,웹
한국장애인고용공단,장애인공단 내부업무시스템,직장 내 장애인 인식개선 교육 시스템,3,N,N,13,장애인고용정보화(정보화),장애인고용정보화,"4,530,000",기관매핑,혼합,장애인고용,교육/학습(LMS),공단,N,중,웹,혼합,장애인고용,교육/학습(LMS),공단,N,중,웹
한국장애인고용공단,장애인고용포털,장애인고용포털,2,-,-,13,장애인고용정보화(정보화),장애인고용정보화,"4,530,000",기관매핑,대국민,장애인고용,홈페이지/포털,공단,N,중,웹,대국민,장애인고용,홈페이지/포털,공단,N,중,웹
건설근로자공제회,건설기능플러스,건설기능플러스,4,Y,Y,,건설근로자공제회 정보화운영(정보화),,,기관매핑,대국민,근로복지,업무처리시스템,공제회,N,저,웹,대국민,근로복지,업무처리시스템,공제회,N,저,웹
건설근로자공제회,건설일드림넷,건설일드림넷,4,Y,Y,,건설근로자공제회 정보화운영(정보화),,,기관매핑,대국민,근로복지,업무처리시스템,공제회,N,저,웹,대국민,근로복지,업무처리시스템,공제회,N,저,웹
건설근로자공제회,건설근로자공제회내부업무시스템,그룹웨어,3,Y,Y,,건설근로자공제회 정보화운영(정보화),,,기관매핑,내부,행정지원,업무처리시스템,공제회,N,저,웹,내부,행정지원,업무처리시스템,공제회,N,저,웹
건설근로자공제회,건설근로자공제회내부업무시스템,퇴직공제EDI,4,Y,Y,,건설근로자공제회 정보화운영(정보화),,,기관매핑,혼합,근로복지,금융/기금,공제회,Y,중,웹,혼합,근로복지,금융/기금,공제회,Y,중,웹
건설근로자공제회,건설근로자공제회내부업무시스템,하나로서비스,3,Y,Y,,건설근로자공제회 정보화운영(정보화),,,기관매핑,혼합,근로복지,업무처리시스템,공제회,N,중,웹,혼합,근로복지,업무처리시스템,공제회,N,중,웹
건설근로자공제회,홈페이지,홈페이지,3,Y,Y,,건설근로자공제회 정보화운영(정보화),,,기관매핑,대국민,정보공개·홍보,홈페이지/포털,공제회,N,저,웹,대국민,정보공개·홍보,홈페이지/포털,공제회,N,저,웹
